unix_ms,rss_kb,cpu_pct
1787234402834,96992,15.9
1787234402895,106144,15.9
1787234402958,244768,21.1
1787234403021,276208,21.1
1787234403084,287232,52.1
1787234403144,296784,52.1
1787234403198,306352,67.9
1787234403261,315472,67.9
1787234403322,326384,81.0
1787234403381,336816,81.0
1787234403444,348000,85.8
1787234403506,359136,85.8
1787234403569,370368,92.5
1787234403632,375072,92.5
1787234403695,386656,93.7
1787234403756,397152,93.7
1787234403819,407744,97.5
1787234403879,418784,97.5
1787234403942,429968,96.9
1787234404005,441168,96.9
1787234404063,451248,99.4
1787234404125,462032,99.4
1787234404184,467904,99.2
1787234404239,467904,99.2
1787234404302,478608,98.6
1787234404362,488960,98.6
1787234404423,499856,98.6
1787234404484,510752,100.0
1787234404547,521808,100.0
1787234404610,532944,99.5
1787234404669,543824,99.5
1787234404732,555200,100.0
1787234404789,565440,100.0
1787234404843,575216,99.2
1787234404905,586256,99.2
1787234404961,596288,100.0
1787234405017,606128,100.0
1787234405081,610032,99.1
1787234405139,610032,99.1
1787234405199,610032,100.0
1787234405262,619376,100.0
1787234405325,630720,99.0
1787234405384,641440,99.0
1787234405447,652576,100.0
1787234405510,663856,100.0
1787234405567,674288,99.0
1787234405630,685616,99.0
1787234405692,696960,100.0
1787234405746,706704,100.0
1787234405808,717824,99.8
1787234405869,728672,99.8
1787234405923,738256,99.8
1787234405985,749632,100.0
1787234406049,761168,100.0
1787234406107,771968,100.0
1787234406170,783680,100.0
1787234406230,794560,99.6
1787234406290,805360,99.6
1787234406348,815840,99.3
1787234406406,822928,99.3
1787234406463,822928,100.0
1787234406527,822928,100.0
1787234406591,822928,99.1
1787234406655,822928,99.1
1787234406715,830400,100.0
1787234406778,841440,100.0
1787234406841,852432,99.2
1787234406901,863424,99.2
1787234406964,874624,100.0
1787234407020,884208,100.0
1787234407078,894864,99.1
1787234407132,904240,99.1
1787234407189,914304,100.0
1787234407252,925568,100.0
1787234407315,936880,99.2
1787234407376,947744,99.2
1787234407439,958576,100.0
1787234407502,969984,100.0
1787234407564,981168,100.0
1787234407623,991280,100.0
1787234407686,1002352,100.0
1787234407748,1013632,100.0
1787234407809,1024336,100.0
1787234407871,1035088,100.0
1787234407934,1046176,100.0
1787234407997,1056944,99.6
1787234408060,1066544,99.6
1787234408119,1076336,99.5
1787234408173,1085552,99.5
1787234408227,1094944,100.0
1787234408290,1106240,100.0
1787234408350,1116960,100.0
1787234408413,1127200,100.0
1787234408473,1138256,98.8
1787234408533,1142128,98.8
1787234408595,1142128,100.0
1787234408658,1142128,100.0
1787234408722,1142128,100.0
1787234408785,1142128,100.0
1787234408848,1142128,100.0
1787234408906,1142128,100.0
1787234408969,1144976,99.4
1787234409031,1154304,99.4
1787234409090,1164208,100.0
1787234409149,1173552,100.0
1787234409207,1183568,99.2
1787234409270,1194560,99.2
1787234409328,1205040,100.0
1787234409389,1215888,100.0
1787234409444,1225856,99.1
1787234409507,1236944,99.1
1787234409570,1248112,99.7
1787234409630,1258944,99.7
1787234409688,1269152,99.7
1787234409751,1280480,100.0
1787234409814,1291008,100.0
1787234409871,1301168,99.6
1787234409925,1310432,99.6
1787234409983,1320656,99.2
1787234410046,1331760,99.2
1787234410100,1341360,100.0
1787234410163,1352752,100.0
1787234410225,1363568,99.1
1787234410283,1373680,99.1
1787234410345,1384992,100.0
1787234410408,1396032,100.0
1787234410471,1407232,99.0
1787234410529,1417632,99.0
1787234410590,1428752,100.0
1787234410645,1438704,100.0
1787234410708,1449984,99.6
1787234410771,1461296,99.6
1787234410828,1471392,100.0
1787234410888,1482256,100.0
1787234410951,1492784,99.3
1787234411014,1504160,99.3
1787234411076,1515488,100.0
1787234411139,1527056,100.0
1787234411193,1536384,100.0
1787234411256,1547760,99.2
1787234411317,1558704,99.2
1787234411380,1569968,100.0
1787234411443,1581248,100.0
1787234411496,1590976,100.0
1787234411559,1602416,100.0
1787234411621,1613712,99.8
1787234411684,1621296,99.8
1787234411747,1621296,100.0
1787234411803,1621296,100.0
1787234411860,1621296,99.1
1787234411921,1621296,99.1
1787234411983,1621296,100.0
1787234412045,1621296,100.0
1787234412108,1621296,99.0
1787234412171,1621296,99.0
1787234412232,1621296,100.0
1787234412292,1621296,100.0
1787234412352,1621296,99.0
1787234412415,1624432,99.0
1787234412471,1634720,100.0
1787234412534,1646304,100.0
1787234412596,1657680,99.6
1787234412649,1667504,99.6
1787234412708,1678288,100.0
1787234412768,1688944,100.0
1787234412831,1700288,99.3
1787234412893,1710896,99.3
1787234412955,1721696,99.9
1787234413013,1732016,99.9
1787234413073,1743104,99.9
1787234413132,1753696,99.6
1787234413193,1764320,99.6
1787234413256,1775808,100.0
1787234413311,1785232,100.0
1787234413373,1796272,99.7
1787234413434,1807328,99.7
1787234413497,1818704,100.0
1787234413560,1830192,100.0
1787234413619,1839936,99.3
1787234413673,1849952,99.3
1787234413736,1861136,100.0
1787234413789,1870528,100.0
1787234413852,1881472,99.1
1787234413914,1892656,99.1
1787234413973,1902976,100.0
1787234414031,1912960,100.0
1787234414093,1923616,99.1
1787234414156,1934464,99.1
1787234414219,1944000,99.9
1787234414282,1954528,99.9
1787234414336,1963808,98.9
1787234414393,1973728,98.9
1787234414451,1984144,98.9
1787234414514,1995408,100.0
1787234414569,2004384,100.0
1787234414625,2014512,99.0
1787234414681,2024544,99.0
1787234414739,2033152,100.0
1787234414799,2043488,100.0
1787234414862,2053728,100.0
1787234414922,2064208,100.0
1787234414985,2075424,99.7
1787234415048,2086928,99.7
1787234415111,2098240,100.0
1787234415174,2109456,100.0
1787234415237,2120480,99.3
1787234415297,2131344,99.3
1787234415359,2142592,100.0
1787234415418,2152880,100.0
1787234415481,2163680,99.1
1787234415538,2173728,99.1
1787234415600,2184752,100.0
1787234415663,2195744,100.0
1787234415726,2206928,99.1
1787234415789,2218048,99.1
1787234415846,2227856,100.0
1787234415901,2237632,100.0
1787234415961,2247952,99.0
1787234416024,2259136,99.0
1787234416085,2270160,98.7
1787234416143,2280256,98.7
1787234416205,2291600,98.7
1787234416269,2303168,100.0
1787234416330,2314032,100.0
1787234416386,2324048,100.0
1787234416447,2335088,100.0
1787234416506,2339776,100.0
1787234416569,2339776,100.0
1787234416633,2339776,99.5
1787234416693,2339776,99.5
1787234416756,2339776,100.0
1787234416814,2339776,100.0
1787234416877,2339776,99.3
1787234416940,2339776,99.3
1787234417002,2339776,100.0
1787234417061,2339776,100.0
1787234417115,2339776,99.1
1787234417179,2339776,99.1
1787234417239,2339776,100.0
1787234417301,2339776,100.0
1787234417364,2339776,100.0
1787234417418,2339776,100.0
1787234417475,2339776,99.0
1787234417532,2339776,99.0
1787234417592,2339776,99.7
1787234417654,2343344,99.7
1787234417717,2354560,100.0
1787234417773,2364496,100.0
1787234417835,2375232,100.0
1787234417894,2386000,99.7
1787234417957,2397552,99.7
1787234418019,2408864,100.0
1787234418080,2419664,100.0
1787234418139,2430224,99.3
1787234418202,2441568,99.3
1787234418265,2452880,100.0
1787234418319,2462848,100.0
1787234418382,2474320,100.0
1787234418437,2484160,100.0
1787234418499,2495584,99.8
1787234418561,2506688,99.8
1787234418617,2516768,100.0
1787234418680,2528384,100.0
1787234418743,2540064,98.8
1787234418797,2550016,98.8
1787234418856,2560832,99.1
1787234418913,2571040,99.1
1787234418976,2582432,100.0
1787234419037,2592560,100.0
1787234419094,2602544,99.1
1787234419156,2613440,99.1
1787234419219,2625184,99.0
1787234419283,2636304,99.0
1787234419343,2646832,99.7
1787234419399,2656864,99.7
1787234419464,2668064,99.7
1787234419527,2679296,99.4
1787234419592,2691120,99.8
1787234419655,2702512,99.8
1787234419715,2713616,99.8
1787234419778,2724304,100.0
1787234419840,2735552,100.0
1787234419897,2745424,100.0
1787234419959,2756080,100.0
1787234420018,2766928,99.7
1787234420081,2778240,99.7
1787234420144,2788896,100.0
1787234420199,2798800,100.0
1787234420262,2809968,99.8
1787234420332,2820640,99.8
1787234420394,2831152,100.0
1787234420450,2840992,100.0
1787234420513,2852176,99.3
1787234420575,2863072,99.3
1787234420639,2874368,100.0
1787234420694,2883408,100.0
1787234420755,2894656,99.1
1787234420818,2905616,99.1
1787234420878,2914608,100.0
1787234420940,2925712,100.0
1787234421003,2935680,99.1
1787234421062,2946080,99.1
1787234421122,2956512,100.0
1787234421175,2966336,100.0
1787234421239,2977552,100.0
1787234421303,2988864,100.0
1787234421366,2999904,99.6
1787234421423,3010208,99.6
1787234421485,3021280,100.0
1787234421541,3031200,100.0
1787234421595,3040624,100.0
1787234421654,3050256,99.2
1787234421709,3060176,99.2
1787234421772,3071120,100.0
1787234421832,3081632,100.0
1787234421895,3092416,100.0
1787234421959,3103024,100.0
1787234422022,3114352,99.3
1787234422078,3123984,99.3
1787234422144,3135856,100.0
1787234422203,3146208,100.0
1787234422266,3157136,99.0
1787234422321,3166752,99.0
1787234422383,3166864,98.7
1787234422442,3163264,98.7
1787234422502,3142096,100.0
1787234422556,3151504,100.0
1787234422615,3139680,100.0
1787234422683,3138080,100.0
1787234422739,3130544,100.0
1787234422799,3119504,100.0
1787234422861,3107792,100.0
1787234422914,3116912,100.0
1787234422978,3127936,98.2
1787234423041,3117184,98.2
1787234423105,3088304,99.6
1787234423165,3099024,99.6
1787234423226,3094480,99.6
1787234423290,3070448,100.0
1787234423353,3081904,100.0
1787234423416,3059200,99.4
1787234423470,3068928,99.4
1787234423528,3055152,100.0
1787234423591,3032752,100.0
1787234423654,3044304,99.2
1787234423718,2913264,99.2
1787234423775,2892896,100.0
1787234423838,2893296,100.0
1787234423896,2893552,98.9
1787234423958,2893984,98.9
1787234424013,2894144,100.0
1787234424077,2894288,100.0
1787234424135,2894400,99.0
1787234424198,2894512,99.0
1787234424265,2877264,99.9
1787234424328,2877344,99.9
1787234424384,2877344,100.0
1787234424448,2877344,100.0
1787234424513,2876544,95.8
1787234424570,2908816,95.8
1787234424626,2952256,91.4
1787234424691,3001248,91.4
1787234424756,3015120,88.3
1787234424818,3018384,88.3
1787234424875,2992480,90.3
1787234424938,2969552,90.3
1787234425001,2998544,91.9
1787234425061,3019280,91.9
1787234425125,3027888,96.4
1787234425183,3035680,96.4
1787234425246,3041120,99.3
1787234425301,3042512,99.3
1787234425362,3044464,97.8
1787234425426,3046000,97.8
1787234425484,3047616,97.8
1787234425547,3049152,97.6
1787234425611,3050160,98.9
1787234425674,3050832,98.9
1787234425738,3051536,98.8
1787234425800,3052256,98.8
1787234425864,3009008,100.0
1787234425920,3019280,100.0
1787234425981,3030512,100.0
1787234426045,3042432,99.7
1787234426106,3053168,99.7
1787234426169,3064256,100.0
1787234426234,3075776,100.0
1787234426297,3086912,100.0
1787234426359,3098400,100.0
1787234426421,3109344,100.0
1787234426483,3120720,100.0
1787234426546,3131968,100.0
1787234426610,3142896,100.0
1787234426674,3154144,99.1
1787234426733,3164528,99.1
1787234426796,3175824,98.4
1787234426859,3186608,98.4
1787234426918,3197504,99.1
1787234426981,3208192,99.1
1787234427037,3217232,100.0
1787234427101,3227936,100.0
1787234427155,3237440,100.0
1787234427218,3248384,100.0
1787234427281,3259264,98.8
1787234427335,3268816,98.8
1787234427398,3279712,99.3
1787234427461,3289632,99.3
1787234427523,3299856,100.0
1787234427577,3308880,100.0
1787234427637,3319488,100.0
1787234427697,3329936,100.0
1787234427757,3340608,99.3
1787234427816,3351312,99.3
1787234427879,3361904,98.6
1787234427943,3373440,98.6
1787234428002,3382272,99.3
1787234428065,3392624,99.3
1787234428120,3401280,99.4
1787234428184,3411872,99.4
1787234428242,3421856,99.7
1787234428305,3432384,99.7
1787234428363,3442768,99.4
1787234428424,3453536,99.4
1787234428486,3465040,99.4
1787234428550,3476368,100.0
1787234428613,3487808,99.1
1787234428677,3497936,99.1
1787234428741,3509232,100.0
1787234428796,3518704,100.0
1787234428859,3529824,100.0
1787234428922,3540864,100.0
1787234428981,3551232,100.0
1787234429045,3562640,100.0
1787234429106,3573424,100.0
1787234429161,3583008,100.0
1787234429217,3584032,100.0
1787234429281,3589200,98.3
1787234429341,3579840,98.3
1787234429404,3577808,100.0
1787234429462,3580720,100.0
1787234429519,3579600,99.4
1787234429582,3591056,99.4
1787234429640,3590048,99.1
1787234429703,3597904,99.1
1787234429766,3597712,100.0
1787234429829,3609200,100.0
1787234429889,3617712,99.0
1787234429952,3628864,99.0
1787234430015,3640032,100.0
1787234430078,3647520,100.0
1787234430139,3655360,100.0
1787234430193,3664384,100.0
1787234430255,3673504,99.7
1787234430312,3683936,99.7
1787234430376,3689424,99.7
1787234430437,3700592,99.7
1787234430500,3709648,100.0
1787234430565,3709600,100.0
1787234430622,3713696,99.5
1787234430690,3725184,99.5
1787234430753,3731216,100.0
1787234430817,3738352,100.0
1787234430878,3742336,100.0
1787234430938,3753520,100.0
1787234430991,3763232,100.0
1787234431047,3768304,98.6
1787234431109,3771808,98.6
1787234431164,3781568,100.0
1787234431220,3773472,100.0
1787234431273,3783008,100.0
1787234431338,3783760,100.0
1787234431399,3795280,99.3
1787234431456,3795552,99.3
1787234431509,3805008,100.0
1787234431566,3809408,100.0
1787234431630,3811056,99.2
1787234431689,3813744,99.2
1787234431752,3821664,99.6
1787234431815,3826368,99.6
1787234431877,3829936,99.6
1787234431936,3840272,99.6
1787234431999,3852096,99.6
1787234432054,3862032,100.0
1787234432116,3871360,100.0
1787234432174,3879216,99.4
1787234432235,3878784,99.4
1787234432298,3868768,100.0
1787234432363,3864560,100.0
1787234432425,3848784,100.0
1787234432488,3859712,100.0
1787234432551,3869824,98.5
1787234432614,3880608,98.5
1787234432677,3891952,100.0
1787234432738,3894736,100.0
1787234432805,3891248,99.6
1787234432873,3887920,99.6
1787234432927,3897408,99.6
1787234432980,3907248,99.6
1787234433043,3913696,100.0
1787234433107,3913760,100.0
1787234433161,3902624,99.3
1787234433219,3902752,99.3
1787234433275,3902944,100.0
1787234433333,3903056,100.0
1787234433394,4008352,99.7
1787234433458,4070208,99.7
1787234433513,4165088,95.6
1787234433576,4195968,95.6
1787234433638,4215472,98.7
1787234433701,4212448,98.7
1787234433765,4212384,97.7
1787234433828,4222944,97.7
1787234433890,4219408,100.0
1787234433953,4231616,100.0
1787234434017,4234720,99.1
1787234434081,4246688,99.1
1787234434143,4252848,99.7
1787234434198,4263152,99.7
1787234434257,4268016,97.9
1787234434320,4271760,97.9
1787234434384,4275968,99.0
1787234434440,4277856,99.0
1787234434495,4280176,99.0
1787234434558,4291376,100.0
1787234434620,4291904,100.0
1787234434684,4302000,100.0
1787234434745,4304544,100.0
1787234434809,4304544,79.4
1787234434870,4304544,79.4
1787234434930,4304544,49.6
